id,tag,quality
2.00E+17,craft,2
2.00E+17,party ideas,2
2.00E+17,spider pail,3
2.00E+17,halloween,2
2.00E+17,halloween pail,4
2.00E+17,gift pail,3
2.00E+17,gift basket,2
2.00E+17,halloween present,3
2.00E+17,pail,2
2.00E+17,gift,1
2.00E+17,gift pails,3
2.00E+17,decor,1
2.00E+17,halloween decoration,2
2.00E+17,spider,2
1.49E+17,asics sneakers,4
1.49E+17,colors,2
1.49E+17,wall,1
1.49E+17,concrete,1
1.49E+17,asics - gel saga,4
1.49E+17,sneakers,2
1.49E+17,asics gel saga,4
1.49E+17,asics,3
1.49E+17,gel sneakers,2
1.49E+17,color sneakers,3
1.49E+17,tennis shoe fashion,1
1.49E+17,running,2
1.49E+17,fasion,1
1.49E+17,tennis shoes lined up against fence,4
1.49E+17,three pairs of tennis shoes,4
1.49E+17,3 pairs of shoes,4
1.49E+17,shoes,2
2.50E+17,potted plant on patio,4
2.50E+17,white,1
2.50E+17,pink,1
2.50E+17,flowers,3
2.50E+17,tropical,2
2.50E+17,back porch orchids,4
2.50E+17,plant,1
2.50E+17,exquisite plants,1
2.50E+17,orchid,4
2.50E+17,too hard,1
2.50E+17,orchids in pot,2
2.50E+17,orchids growing sideways,2
2.50E+17,orchids in flower pot,4
2.50E+17,orchids,4
4.63E+17,education,2
4.63E+17,think you don't need math,2
4.63E+17,math bulletin board,4
4.63E+17,think you don't need math?,2
4.63E+17,careers,2
4.63E+17,math bulletin baord,1
4.63E+17,bulletin board,3
4.63E+17,inspiration,2
4.63E+17,math board,4
4.63E+17,math question,2
4.63E+17,school,2
4.63E+17,board,1
4.63E+17,college,1
4.63E+17,poster about math,2
4.63E+17,children,1
4.63E+17,math,3
4.63E+17,motto,2
4.63E+17,math quotes,3
4.63E+17,reasons to need math,4
3.68E+16,kids character cake,3
3.68E+16,nintendo cake,4
3.68E+16,mari,1
3.68E+16,two tier video game cake,4
3.68E+16,mario cake,4
3.68E+16,mario bros,3
3.68E+16,sugar,1
3.68E+16,luigi,2
3.68E+16,super mario brothers,2
3.68E+16,cake,2
3.68E+16,birthday,3
3.68E+16,cake decoration,2
3.68E+16,happy,1
3.68E+16,colorful,1
3.68E+16,birthday cake for child,4
3.68E+16,mario brothers cake,4
3.68E+16,mushroom cake,4
3.68E+16,mario bros cake,4
3.68E+16,super mario cake,4
3.68E+16,mario,2
3.68E+16,mushroom,2
2.80E+17,purse,2
2.80E+17,blonde,2
2.80E+17,palm trees,2
2.80E+17,fasion,1
2.80E+17,dress,3
2.80E+17,nicolas jebran,3
2.80E+17,gold dress,4
2.80E+17,l.a. fashion,2
2.80E+17,woman,1
2.80E+17,model,2
2.80E+17,party night outfit,2
2.80E+17,summer streetwear,2
2.80E+17,dramatic,1
2.80E+17,fashion,4
2.80E+17,nicolas jebran dress,4
2.80E+17,blonde model,4
2.80E+17,model in gold dress,4
2.12E+17,retro floor lamp,4
2.12E+17,floor lamp chrome,4
2.12E+17,modern floor lamp,4
2.12E+17,flood light,3
2.12E+17,light stand,4
2.12E+17,light,2
2.12E+17,modern,2
2.12E+17,lamp,3
2.12E+17,floor,1
2.12E+17,floor lamp,4
2.12E+17,chrome,3
2.12E+17,photographers spotlight,2
2.12E+17,pole,1
3.34E+17,shift dress,3
3.34E+17,black lace,2
3.34E+17,short-sleeves,1
3.34E+17,closet,1
3.34E+17,frills,2
3.34E+17,dress,2
3.34E+17,black dress with frills,4
3.34E+17,black dress,3
3.34E+17,black frilly dress,4
3.34E+17,frilly dress,3
3.34E+17,womens,1
3.34E+17,lacy dress,4
3.34E+17,little black dress,3
3.34E+17,ruffles,2
3.34E+17,black,2
4.70E+17,yankees cards,4
4.70E+17,mark teixeira card,4
4.70E+17,new york yankees,3
4.70E+17,funny,3
4.70E+17,mark tiexiera,1
4.70E+17,new york yankees baseball player,3
4.70E+17,mark teixiera,1
4.70E+17,baseball,1
4.70E+17,yankees,3
4.70E+17,mark teixeira,4
4.70E+17,aseball card,1
4.70E+17,ny yankees,3
4.70E+17,mark,1
4.70E+17,new york,1
4.70E+17,teixeira,4
4.70E+17,too har,1
4.70E+17,ny yankees mark teixeira gets a hit,4
4.70E+17,player,2
4.70E+17,baseball player,3
4.70E+17,bat,1
3.27E+16,eye candy fashion,3
3.27E+16,jewlery,1
3.27E+16,gems,2
3.27E+16,too hard,0
3.27E+16,earrings,1
3.27E+16,toohard,0
3.27E+16,jewelry,3
3.27E+16,pink and gray ring,3
3.27E+16,rings,3
3.27E+16,cream89,1
3.27E+16,rings in hand,3
3.27E+16,plastic,2
3.27E+16,sparkle,2
3.27E+16,gold jewelry,2
3.27E+16,eye candy,2
3.86E+17,bonsai art,4
3.86E+17,rocks,3
3.86E+17,fountain,3
3.86E+17,mossy thing on a porch,2
3.86E+17,green plant,2
3.86E+17,decoration,1
3.86E+17,moss,3
3.86E+17,leaves,1
3.86E+17,gardening,2
3.86E+17,bonsai tree,4
3.86E+17,bonsai,4
3.86E+17,plantlife,1
3.86E+17,plants,2
3.86E+17,indoor,1
3.86E+17,mossy,3
3.86E+17,plant,2
3.86E+17,mossy plant,4
1.93E+17,house,1
1.93E+17,decoration,3
1.93E+17,wall flowers,4
1.93E+17,flower decoration,4
1.93E+17,decorations,3
1.93E+17,home decoration,4
1.93E+17,plant,3
1.93E+17,flower,2
1.93E+17,indoor,1
1.93E+17,plants,3
1.93E+17,vegetable art,3
1.93E+17,wall decor,4
1.93E+17,flowers,3
1.93E+17,diy,1
1.93E+17,modern vegetable art,4
1.93E+17,decor,3
1.93E+17,flower and plant box,4
1.93E+17,flower decor ideas,3
2.03E+17,woman,2
2.03E+17,drawing,2
2.03E+17,chimaera,4
2.03E+17,illustration,2
2.03E+17,cat poster,2
2.03E+17,chimera,4
2.03E+17,pencil art women wearing lion mask,2
2.03E+17,tiger,3
2.03E+17,painting,2
2.03E+17,artwork,2
2.03E+17,drawing of tiger's head on woman's body,3
2.03E+17,lion mask picture art,4
2.03E+17,cat art,2
2.03E+17,nude,2
2.03E+17,art,2
2.03E+17,black and white sketch,2
2.03E+17,fantasy art,3
2.03E+17,abstract,2
2.03E+17,lion,1
2.03E+17,tiger woman,4
2.36E+16,fashion,4
2.36E+16,j'adr!,4
2.36E+16,blonde fashion model,3
2.36E+16,girl,1
2.36E+16,blond fashion model,3
2.36E+16,jadr,1
2.36E+16,j'adr,4
2.36E+16,shopping,2
2.36E+16,magazine,1
2.36E+16,editorial,1
2.36E+16,rocker,3
2.36E+16,too hard,0
2.36E+16,woman,2
2.36E+16,model,3
2.36E+16,sexy,2
2.36E+16,trending style,3
2.37E+16,anniversary,2
2.37E+16,celebrate pinwheel,2
2.37E+16,blue and green greeting card,3
2.37E+16,party card,4
2.37E+16,party,1
2.37E+16,celebration card,2
2.37E+16,invite,4
2.37E+16,birthday card,2
2.37E+16,pinwheel,2
2.37E+16,celebrate design,2
2.37E+16,invitation card,4
2.37E+16,greeting card,3
2.37E+16,stars,2
2.37E+16,celebration,4
2.37E+16,card,2
2.37E+16,birthday,2
2.37E+16,celebrate,1
3.03E+17,two semi-nude men in locker room,4
3.03E+17,lockerroom,1
3.03E+17,sexy,2
3.03E+17,partially nude men,3
3.03E+17,muscular,3
3.03E+17,homosexuality,2
3.03E+17,models,2
3.03E+17,underwear,2
3.03E+17,gay men locker room,1
3.03E+17,hot yummy men,1
3.03E+17,gay men underwear,2
3.03E+17,men in underwear,4
3.03E+17,big bulges,2
3.03E+17,topher dimaggio and dominic pacifico,4
3.03E+17,abs,3
3.03E+17,two men,3
3.03E+17,men in thongs,3
3.03E+17,hot male models,2
3.03E+17,dominic pacifico,4
3.03E+17,men,1
3.03E+17,topher dimaggio,4
1.26E+17,paint,2
1.26E+17,glitch art,4
1.26E+17,glitch,3
1.26E+17,poster,2
1.26E+17,lynsey ledray artwork,4
1.26E+17,abstract painting with blue pink and yellow,4
1.26E+17,abstract painting,4
1.26E+17,absract,1
1.26E+17,art,2
1.26E+17,colorful art print,4
1.26E+17,colorful art,4
1.26E+17,colors,2
1.26E+17,abstract art,4
1.26E+17,rgb art,4
1.26E+17,rgb artwork,4
1.26E+17,artwork,2
1.26E+17,abstract,3
1.26E+17,rgb,3
1.90E+17,bins,4
1.90E+17,supplies,3
1.90E+17,school,1
1.90E+17,decorate plastic bin,4
1.90E+17,storage bin,3
1.90E+17,decor,2
1.90E+17,child,2
1.90E+17,diy,2
1.90E+17,easy,1
1.90E+17,cabinet,1
1.90E+17,drawers,2
1.90E+17,crafts,3
1.90E+17,it yourself,1
1.90E+17,organizer,3
1.90E+17,storage,3
1.90E+17,pinterest,1
1.90E+17,organization,3
1.90E+17,plastic drawers,3
1.90E+17,easy way to store kids crafts,3
1.90E+17,craft decorations,4
1.90E+17,project,1
1.90E+17,drawer tower,3
1.90E+17,craft organization,2
1.90E+17,do,1
7.13E+16,fancy house,3
7.13E+16,tropical rental house,3
7.13E+16,fence,2
7.13E+16,suberb,1
7.13E+16,island rental house,3
7.13E+16,sunny,1
7.13E+16,picket fence,4
7.13E+16,white fence,3
7.13E+16,southern home,2
7.13E+16,white,1
7.13E+16,house,2
7.13E+16,big house,4
7.13E+16,tropical house,4
7.13E+16,island house,3
7.13E+16,palm trees,2
7.13E+16,plantation home,2
1.67E+17,gold,2
1.67E+17,old watches,4
1.67E+17,roman numeral watch,4
1.67E+17,birthday,1
1.67E+17,pocket watch,4
1.67E+17,roman numerals,2
1.67E+17,steampunk watch,4
1.67E+17,astrological clock,2
1.67E+17,pocketwatch,3
1.67E+17,time,2
1.67E+17,astrology,2
1.67E+17,zodiac,2
1.67E+17,clock,1
1.67E+17,watch,3
1.67E+17,necklace,2
1.67E+17,leo,1
1.67E+17,pocket watch with chain,4
1.67E+17,water,1
1.09E+17,black girl fashion,4
1.09E+17,polka dot,4
1.09E+17,afro,4
1.09E+17,big hair,4
1.09E+17,woman,1
1.09E+17,afro wig,3
1.09E+17,model,2
1.09E+17,black woman,2
1.09E+17,hairstyle,2
1.09E+17,fashion model,2
1.09E+17,huge black afro,4
1.09E+17,african american style,3
1.09E+17,hair,2
1.09E+17,huge afro,4
1.09E+17,fashion,2
1.09E+17,woman with afro,3
1.09E+17,fro,3
1.09E+17,spring clothing,3
1.09E+17,natural hair style,2
1.09E+17,huge fashion afro,4
2.27E+17,question,1
2.27E+17,talking,1
2.27E+17,text conversations to laugh about,4
2.27E+17,screenshot,1
2.27E+17,hilarious,4
2.27E+17,conversation,2
2.27E+17,chat conversation,3
2.27E+17,message,3
2.27E+17,joke,4
2.27E+17,chat logs,4
2.27E+17,chat,3
2.27E+17,funny chat,4
2.27E+17,funny text convo,4
2.27E+17,text,1
2.27E+17,too hard,1
2.27E+17,funny text,2
2.27E+17,funny,2
2.27E+17,funny meme,1
3.41E+17,boa tattoo,4
3.41E+17,art,1
3.41E+17,boa constrictor tattoo,4
3.41E+17,boa,3
3.41E+17,sleeve,3
3.41E+17,arm,1
3.41E+17,constricter,1
3.41E+17,fresh ink,3
3.41E+17,boa constrictor,3
3.41E+17,snake,1
3.41E+17,snake tattoo,4
3.41E+17,skin,1
3.41E+17,tat,2
3.41E+17,tattoo,2
3.41E+17,tattoo arm tattoo,3
3.41E+17,tattooed arm,3
1.51E+17,female swimming,4
1.51E+17,woman swimming underwater,4
1.51E+17,bathing suit,2
1.51E+17,grayscale,2
1.51E+17,swimming,3
1.51E+17,black and white photography,2
1.51E+17,black and white,2
1.51E+17,two piece,3
1.51E+17,woman wearing bikini,3
1.51E+17,water,1
1.51E+17,woman floating in water,4
1.51E+17,swimsuit,3
1.51E+17,underwater shot,4
1.51E+17,womans body underwater,4
1.51E+17,black and white photograph of people in pool,3
1.51E+17,bikini,3
1.51E+17,underwater,3
1.51E+17,woman in black bikini swimming underwater,4
5.34E+16,peas,2
5.34E+16,potpie,4
5.34E+16,dinner pie,4
5.34E+16,eat,1
5.34E+16,mince pie,3
5.34E+16,pot pie,4
5.34E+16,dinner ideas,2
5.34E+16,chicken pot pie,3
5.34E+16,dinner,1
5.34E+16,vegitable dinner pie,1
5.34E+16,pretty dinner,2
5.34E+16,mince pie recipe,2
5.34E+16,carrots,2
5.34E+16,pot pie closeup,4
5.34E+16,pie,3
5.34E+16,food,2
1.19E+17,graphic,1
1.19E+17,design,1
1.19E+17,inspiration,2
1.19E+17,every day quote,3
1.19E+17,motivational,3
1.19E+17,dream quote,4
1.19E+17,pep,3
1.19E+17,motivational pink,1
1.19E+17,create your dreams every day,2
1.19E+17,motto,2
1.19E+17,inspirational,2
1.19E+17,pink inspirational logo,3
1.19E+17,dreams quote,3
1.19E+17,create your dreams,3
1.19E+17,message,2
1.19E+17,logo,2
1.19E+17,happy quotes about everyday dreams,4
1.19E+17,dream,1
1.19E+17,too hard,0
1.19E+17,dreams,1
1.19E+17,imagine your life,1
1.19E+17,dream tags,2
1.19E+17,talk,2
1.19E+17,pink,2
1.19E+17,dream ideas,2
1.19E+17,inspirational quote,4
4.07E+17,cartoon,2
4.07E+17,thigh high socks,1
4.07E+17,waifu,2
4.07E+17,manga blue hair,4
4.07E+17,vocal,3
4.07E+17,anime girl with wings and blue hair,4
4.07E+17,art,2
4.07E+17,anime girl,3
4.07E+17,vocaloid,4
4.07E+17,artwork,2
4.07E+17,girl,1
4.07E+17,anime,4
1.49E+17,melon,2
1.49E+17,picnic ideas,3
1.49E+17,parties,1
1.49E+17,party watermelon idea,3
1.49E+17,watermelon cooler,3
1.49E+17,watermelon,2
1.49E+17,watermelon on table,3
1.49E+17,party,2
1.49E+17,alcohol,2
1.49E+17,cookout,3
1.49E+17,fruit art,2
1.49E+17,hollow,1
1.49E+17,hollowed watermelon,4
1.49E+17,watermelon hole,3
1.49E+17,watermelon bowl,3
1.49E+17,juice,1
1.49E+17,hollowed-out watermelon,4
1.49E+17,carved,2
5.59E+16,hipster,2
5.59E+16,celebrity photo,2
5.59E+16,celebrities,2
5.59E+16,sport coat,1
5.59E+16,stylish celebrities,3
5.59E+16,beige hat,3
5.59E+16,pharrel,4
5.59E+16,cuban man,4
5.59E+16,pharell,2
5.59E+16,pharell wearing hat,4
5.59E+16,pharrell,4
5.59E+16,musician,3
5.59E+16,happy,2
5.59E+16,african american,2
5.59E+16,dj,3
5.59E+16,cute hat,3
5.59E+16,man wearing hat,3
5.59E+16,focused foreground,1
5.59E+16,celebrity,3
5.59E+16,latino man,2
5.59E+16,sexy,2
5.59E+16,cubano man,2
5.59E+16,pharell williams,4
5.59E+16,hat,2
5.59E+16,man,1
4.26E+16,baby girl,2
4.26E+16,poster of cake,2
4.26E+16,cake decoration,4
4.26E+16,cute,2
4.26E+16,cake-stand,2
4.26E+16,seaside cake,4
4.26E+16,two-tier cake,3
4.26E+16,cake,2
4.26E+16,amelia cake,4
4.26E+16,beach decoration,4
4.26E+16,beach seaside cake,4
4.26E+16,birthday,2
4.26E+16,amelia,2
4.26E+16,beach cake,4
4.26E+16,female,1
4.26E+16,pastel cake,3
3.36E+17,jewelry,3
3.36E+17,silver,2
3.36E+17,silver necklace,1
3.36E+17,silver necklace with star,2
3.36E+17,star,2
3.36E+17,star bracelet,4
3.36E+17,silver bracelet,4
3.36E+17,necklace,1
3.36E+17,delicate necklace,2
3.36E+17,bracelet,3
3.36E+17,star necklace,2
4.13E+17,houses in the country,4
4.13E+17,sky,1
4.13E+17,clear,1
4.13E+17,pasture,3
4.13E+17,land,2
4.13E+17,green,2
4.13E+17,country landscape,4
4.13E+17,farm house,3
4.13E+17,collection of brick building surrounded by grassland,4
4.13E+17,buildings in country,3
4.13E+17,farmland,3
4.13E+17,farm,3
4.13E+17,dairy,2
4.13E+17,brick house,2
4.13E+17,willows,1
4.13E+17,holiday,2
4.13E+17,countryside,4
4.13E+17,green fields,3
4.13E+17,shropshire,3
4.13E+17,home,2
4.13E+17,vacation home,2
4.13E+17,clouds,1
4.13E+17,cottages,2
4.13E+17,mountains,2
4.13E+17,house,2
4.13E+17,country,2
4.13E+17,farm houses,3
4.13E+17,country house,3
9.30E+16,birthday costume,4
9.30E+16,red tutu,4
9.30E+16,too hard,1
9.30E+16,girls dress,2
9.30E+16,flower,2
9.30E+16,ladybug,3
9.30E+16,birthday outfit,4
9.30E+16,birthday girl,3
9.30E+16,birthday girl dress,4
9.30E+16,toddler,2
9.30E+16,red and black kids tutu,4
9.30E+16,birthday idea,2
9.30E+16,ladybug outfit,3
9.30E+16,daughter,2
9.30E+16,girl,1
9.30E+16,dress,1
9.30E+16,red and black tutu,4
9.30E+16,red,1
9.30E+16,outfit,2
9.30E+16,tutu,2
9.30E+16,birthday,2
9.30E+16,one,2
9.30E+16,shirt,1
2.29E+17,open book,3
2.29E+17,sketch book,4
2.29E+17,water illustration,4
2.29E+17,swimming,2
2.29E+17,painting,2
2.29E+17,open book showing illustration,4
2.29E+17,swimming illustration in book,4
2.29E+17,garcia illustration,1
2.29E+17,pencil,2
2.29E+17,drawing,2
2.29E+17,book,2
2.29E+17,illustration,2
2.29E+17,notebook,1
2.29E+17,art,2
2.69E+17,party appetizer idea,3
2.69E+17,delicious bread bowl dip,2
2.69E+17,smoked salmon dip,3
2.69E+17,bread boll,1
2.69E+17,bread dip,3
2.69E+17,bread,2
2.69E+17,smoked salmon spread in sourdough bowl,4
2.69E+17,salmon spread,3
2.69E+17,dip,3
2.69E+17,food,1
2.69E+17,snack,1
2.69E+17,smoked salmon,2
2.69E+17,bread bowl,3
2.69E+17,salmon,1
2.69E+17,creamy dip,3
2.69E+17,sourdough bowl,4
2.69E+17,bread bowl dip,4
2.69E+17,appetizer,2
2.69E+17,breadbowl,1
2.76E+17,riding bike,2
2.76E+17,riding bicycle with animal on your back,2
2.76E+17,bicycle,2
2.76E+17,goat holds onto boy while he rides a,2
2.76E+17,goat on boys back,4
2.76E+17,transporting animals,4
2.76E+17,bike ride,2
2.76E+17,transport,2
2.76E+17,transportation,2
2.76E+17,funny,3
2.76E+17,goat riding bike,4
2.76E+17,goat riding man,4
2.76E+17,bridge,1
2.76E+17,funny goat,3
2.76E+17,baltimore goat,1
2.76E+17,goat riding on bike,4
2.76E+17,bike,2
2.76E+17,goat,3
1.05E+17,meal,2
1.05E+17,mushroom dish,4
1.05E+17,cooking mushrooms,4
1.05E+17,pasta,1
1.05E+17,dinner,1
1.05E+17,frying pan,2
1.05E+17,mushroom soup,2
1.05E+17,mushrooms,3
1.05E+17,sprigs of rosemary,4
1.05E+17,saute,3
1.05E+17,thyme,3
1.05E+17,fungi food dish,4
1.05E+17,mushroom,3
1.05E+17,mushroom meal,4
1.05E+17,lunch,1
1.05E+17,fried mushroom dinner,2
1.05E+17,cooking with mushrooms,3
1.05E+17,cooked mushrooms,4
1.05E+17,shrooms,2
1.05E+17,food,1
4.62E+16,grammies,3
4.62E+16,selbrity,1
4.62E+16,grammy fashion,4
4.62E+16,kesha,4
4.62E+16,hot blonde celebrity,2
4.62E+16,spears,1
4.62E+16,brittany spears grammys,1
4.62E+16,award show,2
4.62E+16,fashion,2
4.62E+16,brittany at the grammys,1
4.62E+16,brittney,1
4.62E+16,grammy awards,4
4.62E+16,awards,2
4.62E+16,grammy awards fashion,3
4.62E+16,grammy awards red carpet,3
4.62E+16,kesha on red carpet,4
4.62E+16,red carpet dress,4
4.62E+16,red carpet,3
4.62E+16,gold dress,3
4.62E+16,kesha grammy outfit,4
2.85E+17,chicken marsala,1
2.85E+17,cooking chicken masala,4
2.85E+17,masala,4
2.85E+17,punjabi chicken masala,4
2.85E+17,food,1
2.85E+17,chicken dish,3
2.85E+17,dinner,1
2.85E+17,chicken,2
2.85E+17,stew,2
2.85E+17,indian dinner,3
2.85E+17,chicken masala,4
2.85E+17,soup,1
2.85E+17,italian chicken dish,1
2.85E+17,chicken casserole,2
2.85E+17,indian food,3
2.85E+17,punjabi chicken massala,3
2.85E+17,chicken masala recipe,4
1.40E+17,american,2
1.40E+17,native american,3
1.40E+17,quote,2
1.40E+17,proverb,2
1.40E+17,american indians,3
1.40E+17,peace,3
1.40E+17,inspirational,2
1.40E+17,motto,2
1.40E+17,quotes about knowledge,4
1.40E+17,native,2
1.40E+17,indians,2
1.40E+17,indian meme,1
1.40E+17,knowledge,3
1.40E+17,indian,2
1.40E+17,inspiration,3
1.40E+17,kindness,4
1.40E+17,give me knowledge so that i may have kindness for all,1
1.40E+17,plains indian quote,3
1.40E+17,plains indian,2
1.40E+17,quotes,2
1.40E+17,saying inspirational,1
1.40E+17,indian man with long hair,2
1.40E+17,quotes about kindness,4
1.40E+17,old indian man,2
1.40E+17,indian quote,3
2.04E+17,car selfie,4
2.04E+17,fish lips,2
2.04E+17,wavy,1
2.04E+17,duck face,3
2.04E+17,pretty woman pouting lips,3
2.04E+17,actress making duck face,2
2.04E+17,woman pouting her lips,3
2.04E+17,dirty blonde hair,2
2.04E+17,duck,1
2.04E+17,blondish brown,1
2.04E+17,selfie,4
2.04E+17,woman,1
2.04E+17,duckface,4
2.04E+17,blonde,1
2.04E+17,girl,1
2.04E+17,long blond hair,2
2.04E+17,hairstyle,2
2.04E+17,model in car,2
2.04E+17,face,1
2.04E+17,girl in car,2
2.04E+17,hair dye,2
2.04E+17,long hair,2
2.04E+17,beauty,1
2.04E+17,duck lips,2
2.04E+17,duckface selfie,4
2.20E+17,portugal bridge,4
2.20E+17,scenic,3
2.20E+17,buildings,1
2.20E+17,steel bridge,4
2.20E+17,tourists,2
2.20E+17,tourism,2
2.20E+17,city,1
2.20E+17,bridge,3
2.20E+17,view of portugal,3
2.20E+17,architecture styles,3
2.20E+17,portugal tourism,2
2.20E+17,portugal,2
1.84E+16,arthur conan doyle,3
1.84E+16,the hound of the baskervilles,4
1.84E+16,doyle,3
1.84E+16,hound of the baskervilles,4
1.84E+16,conan,1
1.84E+16,scary,2
1.84E+16,pulp novel,4
1.84E+16,holmes,3
1.84E+16,pulp,3
1.84E+16,poster,1
1.84E+16,house of the baskervilles,1
1.84E+16,mystery,3
1.84E+16,book,2
1.84E+16,houd of the baskervilles,1
1.84E+16,classic film,1
1.84E+16,arthur,1
1.84E+16,book cover,3
1.84E+16,novel,3
1.84E+16,dog,2
1.84E+16,sherlock holmes book,4
1.84E+16,hounds of the baskervilles,2
1.84E+16,watson,2
1.84E+16,classics,2
1.84E+16,murder mystery,3
1.84E+16,sherlock holmes,4
1.84E+16,hound of the baskervilles vintage cover,3
1.84E+16,hound,2
1.84E+16,murder,1
1.84E+16,baskerville,2
1.84E+16,book artwork,2
1.84E+16,literature,2
1.84E+16,baskervilles,2
1.84E+16,hound of the baskervilels cover,1
2.81E+15,girl doll,4
2.81E+15,glasses,3
2.81E+15,read hair,1
2.81E+15,bjd,3
2.81E+15,big-eyed doll,4
2.81E+15,doll,3
2.81E+15,toy,2
2.81E+15,child,2
2.81E+15,blithe minime,1
2.81E+15,red haired doll,4
2.81E+15,blythe,3
2.81E+15,creepy,2
2.81E+15,big eyed doll,3
2.81E+15,red head doll with glasses,4
2.81E+15,doll with glasses,4
2.81E+15,red haired girl,2
1.23E+17,cardinal,2
1.23E+17,ballpark cartoon,2
1.23E+17,village,2
1.23E+17,cardinals village,4
1.23E+17,cardinals,3
1.23E+17,ballpark,3
1.23E+17,baseball,2
1.23E+17,outdoors,1
1.23E+17,stadium,2
1.23E+17,ballpark village,4
1.23E+17,st louis ballpark,4
1.23E+17,cardinals ballpark,4
3.02E+17,stoic,4
3.02E+17,serious,4
3.02E+17,grayscale,2
3.02E+17,young man,2
3.02E+17,male actor,2
3.02E+17,cameron monaghan have my babies,1
3.02E+17,cameron,1
3.02E+17,male,1
3.02E+17,male fashion,2
3.02E+17,toohard,1
3.02E+17,cameron monaghan hot,3
3.02E+17,white,1
3.02E+17,black,1
3.02E+17,cameron monaghan,4
3.02E+17,handsome,1
3.02E+17,cameron monaghan sexy,3
3.02E+17,actor from shameless,3
3.02E+17,black coat,1
3.02E+17,jacket,1
3.02E+17,man,1
3.02E+17,coat,1
3.02E+17,model,3
1.14E+16,cute,2
1.14E+16,cat at door window,4
1.14E+16,window,1
1.14E+16,kitty,1
1.14E+16,lonely cat,4
1.14E+16,cat at the door,3
1.14E+16,cute cat,2
1.14E+16,sad cat,4
1.14E+16,cat outside,3
1.14E+16,cat,3
1.14E+16,calico,4
1.14E+16,cat at door,4
1.14E+16,peeking,3
1.14E+16,cat looking in,4
1.14E+16,peek,3
1.14E+16,funny cat,3
1.14E+16,door,3
5.45E+17,fashion,1
5.45E+17,yoga life,4
5.45E+17,yoga,4
5.45E+17,hot tea,3
5.45E+17,relax,3
5.45E+17,teatime,4
5.45E+17,woman,2
5.45E+17,drinking tea,3
5.45E+17,relaxed,3
5.45E+17,relaxation,4
5.45E+17,zen,4
5.45E+17,model,2
5.45E+17,holistic,3
5.45E+17,nature,2
5.45E+17,tea,2
5.45E+17,serenity,3
5.45E+17,woman relaxing,4
5.45E+17,lotus position,3
5.45E+17,woman drinking tea,4
8.42E+16,lamp,1
8.42E+16,heart,2
8.42E+16,pink,1
8.42E+16,alice in wonderland,3
8.42E+16,queen of hearts party theme,4
8.42E+16,red queen party theme,4
8.42E+16,red queen party items,4
8.42E+16,decoration,2
8.42E+16,clock,3
8.42E+16,candles,2
8.42E+16,decorations,2
8.42E+16,queen of hearts party items,4
8.42E+16,table decor,3
8.42E+16,baby shower,2
8.42E+16,clocks,2
8.42E+16,red heart card party,4
8.42E+16,red,2
8.42E+16,party decorations,3
8.42E+16,theme,2
8.42E+16,chess,2
8.42E+16,decor,2
8.42E+16,party,2
5.95E+16,monkey,3
5.95E+16,art,2
5.95E+16,childs drawing,3
5.95E+16,drawing with labels,4
5.95E+16,label,3
5.95E+16,children,2
5.95E+16,drwaing,1
5.95E+16,crayons,2
5.95E+16,child's drawing,4
5.95E+16,labing,1
5.95E+16,kids drawing,4
5.95E+16,labeling,3
5.95E+16,childs artwork,4
5.95E+16,labelling,3
5.95E+16,learning exercise,3
5.95E+16,labeling paper,1
5.95E+16,learning,3
5.95E+16,drawing,2
5.95E+16,children's illustration,4
3.19E+17,love,3
3.19E+17,teenagers kissing,4
3.19E+17,short girl,3
3.19E+17,teen,2
3.19E+17,kiss me,2
3.19E+17,kids kissing,3
3.19E+17,couples kissing,3
3.19E+17,love meme,2
3.19E+17,weird,1
3.19E+17,just shut up and kiss me,2
3.19E+17,romance,3
3.19E+17,hug,3
3.19E+17,shut up,1
3.19E+17,couple,2
3.19E+17,relationship,3
3.19E+17,kiss,3
2.62E+17,actor,3
2.62E+17,t-shirt,2
2.62E+17,white,1
2.62E+17,celebrity photo,3
2.62E+17,car,2
2.62E+17,guy in jeans,2
2.62E+17,celeb,3
2.62E+17,shortsleeve,2
2.62E+17,city,2
2.62E+17,alexander skarsgard hot,1
2.62E+17,alexander scarsgard,3
2.62E+17,watch,1
2.62E+17,ryan gosling,1
2.62E+17,man,1
2.62E+17,wrist,1
2.62E+17,good-looking man,2
2.62E+17,sunglasses,1
2.62E+17,celebrity,3
2.62E+17,paparazzi,3
2.62E+17,alexander,1
2.62E+17,man walking between cars,2
2.62E+17,alexander skarsgard,3
2.62E+17,los angeles,2
2.62E+17,man in white shirt,2
2.62E+17,man and cars,2
2.62E+17,male actor,3
2.62E+17,tshirt,2
2.62E+17,alexander skaarsgard,4
2.62E+17,outdoors,1
2.62E+17,jeans,1
2.62E+17,saarsgard walking,1
2.56E+17,vintage scales,4
2.56E+17,how to use old scales,1
2.56E+17,purple,2
2.56E+17,balance,1
2.56E+17,flowers,2
2.56E+17,vintage scale,4
2.56E+17,potpourri,4
2.56E+17,scales,4
2.56E+17,scale,4
2.56E+17,how to display a vintage scale,3
2.56E+17,too hard,0
2.56E+17,old scales holding dried flowers,3
2.56E+17,scales holding potpourri,4
2.56E+17,decoration,2
2.56E+17,vintage,2
8.65E+16,girl,1
8.65E+16,art with long hair,3
8.65E+16,palacios,3
8.65E+16,watercolor illustration,4
8.65E+16,painting of woman with black hair,3
8.65E+16,art,1
8.65E+16,watercolor,2
8.65E+16,long flowing hair,3
8.65E+16,watercolor woman,4
8.65E+16,illustration of young woman with long brown hair,3
8.65E+16,artistic,2
8.65E+16,painting of woman,4
8.65E+16,painting,2
8.65E+16,woman painting,2
8.65E+16,palacios art,3
8.65E+16,mercedes palacios,3
8.65E+16,long hair,3
8.65E+16,drawing of young woman,4
8.65E+16,illustration,2
8.65E+16,woman,2
8.65E+16,woman with long hair,3
2.18E+17,pendant,4
2.18E+17,blue,2
2.18E+17,large necklace,3
2.18E+17,gem necklace,4
2.18E+17,jade oval chain,2
2.18E+17,round,2
2.18E+17,gemstone,4
2.18E+17,turquoise,2
2.18E+17,blue oval pendant on silver chain,4
2.18E+17,blue gem,3
2.18E+17,turquoise necklace,4
2.18E+17,silver necklace with blue stone,4
2.18E+17,oval blue charm,3
2.18E+17,large tourquoise blue pendant with a silver chain,4
2.18E+17,necklace,2
2.18E+17,blue necklace,4
2.18E+17,jewelry,2
2.18E+17,victorian turquoise necklace,4
1.42E+17,costume,3
1.42E+17,woman,1
1.42E+17,cosplay woman,4
1.42E+17,portrait,2
1.42E+17,too hard,1
1.42E+17,cosplay girls,2
1.42E+17,hot cop,2
1.42E+17,blue wig cosplay,3
1.42E+17,misty,2
1.42E+17,office jenny cosplay,4
1.42E+17,pikachu,2
1.42E+17,sitting,1
1.42E+17,brock,1
1.42E+17,officer jenny,4
1.42E+17,ash,2
1.42E+17,blue hair,2
1.42E+17,pokemon,4
1.42E+17,cosplay,3
1.42E+17,girl,1
3.30E+17,rustic lamp,4
3.30E+17,metal,3
3.30E+17,rustic,3
3.30E+17,lam,1
3.30E+17,lamp relic,2
3.30E+17,black,2
3.30E+17,star,1
3.30E+17,candle lamp,3
3.30E+17,lantern lamp,4
3.30E+17,lighting,2
3.30E+17,decor,2
3.30E+17,black lamp,3
3.30E+17,country,0
3.30E+17,decorations,2
3.30E+17,lamp,3
3.30E+17,lamps,1
3.30E+17,lamp lanterns candle lamps,2
2.35E+17,teeth,2
2.35E+17,bracelet,3
2.35E+17,smile,3
2.35E+17,hot,2
2.35E+17,blonde,2
2.35E+17,model,3
2.35E+17,beautiful woman,3
2.35E+17,toohard,0
2.35E+17,pretty blondes,2
2.35E+17,pretty,2
2.35E+17,lovely girl,2
2.35E+17,girl,2
2.35E+17,celebrity,3
2.35E+17,famosas,2
2.35E+17,blonde woman wearing bracelets,3
2.35E+17,hair,1
2.35E+17,cute,1
2.35E+17,pretty young woman,3
2.35E+17,wavy,2
2.35E+17,thalia smiling,4
2.35E+17,thalia,4
2.35E+17,woman smiling,4
4.18E+17,kat von d black eye makeup,4
4.18E+17,ink,3
4.18E+17,soft,1
4.18E+17,too hard,0
4.18E+17,eyeliner,4
4.18E+17,tattoo liner,4
4.18E+17,black pens,2
4.18E+17,kat von d,4
4.18E+17,black fancy pen,3
4.18E+17,pen,2
4.18E+17,kat von d makeup,4
4.18E+17,closeup of tattoo liner pen,4
4.18E+17,tattoo,2
4.18E+17,makeup,3
4.18E+17,felt pen,1
4.18E+17,kat von d tattoo liner,4
4.18E+17,black eyeliner,4
1.32E+17,idea chart,2
1.32E+17,kids game,4
1.32E+17,exercises,3
1.32E+17,kids,2
1.32E+17,fun,2
1.32E+17,rainy day,3
1.32E+17,top ten,1
1.32E+17,activities,2
1.32E+17,top ten list,1
1.32E+17,activities to do when it is rainy,4
1.32E+17,ideas for rainy day,4
1.32E+17,ideas for kids games,4
1.32E+17,ideas,2
1.32E+17,fun rainy day ideas for kids,4
1.32E+17,10 great rainy day ideas,3
1.32E+17,rain,1
1.32E+17,rainy day ideas,4
2.43E+16,pillow,2
2.43E+16,forest,2
2.43E+16,cabin,3
2.43E+16,white,2
2.43E+16,outside,1
2.43E+16,hanging chair,4
2.43E+16,relaxation,3
2.43E+16,interior design,3
2.43E+16,hammock swing,4
2.43E+16,porch,3
2.43E+16,hammock on porch,4
2.43E+16,deck,3
2.43E+16,stools,2
2.43E+16,hammock,3
2.43E+16,comfortable,3
2.43E+16,chair,3
2.43E+16,wood,2
2.43E+16,swing,3
2.43E+16,home,2
2.43E+16,paradise,2
2.43E+16,trees,3
2.43E+16,lounge,3
2.43E+16,outdoor,1
2.43E+16,relaxing,3
2.43E+16,sunlight,2
2.43E+16,serene,3
4.29E+17,cute,3
4.29E+17,animals,2
4.29E+17,puppy,4
4.29E+17,german,1
4.29E+17,puppies running while their mother lays,2
4.29E+17,dog with puppies,4
4.29E+17,baby dogs,3
4.29E+17,cool,1
4.29E+17,shepherd,1
4.29E+17,german shepard,1
4.29E+17,german shepard family,3
4.29E+17,german shepherd,3
4.29E+17,cute puppies,4
4.29E+17,german shepherd puppies,4
4.29E+17,dogs,3
4.29E+17,german shepherds,4
4.29E+17,puppies,3
4.29E+17,baby german shepherds,4
4.29E+17,mom with her puppies,3
4.29E+17,german sheppard,1
4.29E+17,german shepard puppies,2
4.29E+17,litter of dogs,4
4.29E+17,dog,2
4.29E+17,german shepard pups,2
4.29E+17,pups in field,3
3.60E+17,illustration,1
3.60E+17,arnold schwarzenegger,1
3.60E+17,abstract backround,1
3.60E+17,man with mouth wide open,3
3.60E+17,oj,1
3.60E+17,man yelling,3
3.60E+17,too hard,0
3.60E+17,portrait,3
3.60E+17,toohard,0
3.60E+17,70's singer,2
3.60E+17,silia moan,2
3.60E+17,artwork,2
3.60E+17,art,2
3.60E+17,man,1
3.60E+17,patterns,2
3.60E+17,abstract pictures of people,3
3.60E+17,pattern,2
3.60E+17,colors,2
3.60E+17,yellow artwork,2
5.92E+16,nature,2
5.92E+16,betula pendula,4
5.92E+16,beech tree,4
5.92E+16,tree identification,3
5.92E+16,trees diagram,4
5.92E+16,appearance of trees,3
5.92E+16,identification,2
5.92E+16,drawing,2
5.92E+16,chart,1
5.92E+16,landscape design,2
5.92E+16,trees and their seeds,1
5.92E+16,tree,2
5.92E+16,types of trees,4
5.92E+16,cad,1
5.92E+16,leafs,3
5.92E+16,different types of trees,3
5.92E+16,illustration,2
5.92E+16,tree diagram,4
5.92E+16,top view,3
5.92E+16,wood,2
5.92E+16,trees,3
7.02E+16,pink,1
7.02E+16,newborn,2
7.02E+16,fatherhood,4
7.02E+16,parenthood,4
7.02E+16,father with baby,4
7.02E+16,father holding baby,4
7.02E+16,kissing child,3
7.02E+16,kiss,2
7.02E+16,baby in pink,2
7.02E+16,child,2
7.02E+16,hug,3
7.02E+16,dad,4
7.02E+16,parent,4
7.02E+16,infancy,3
7.02E+16,father,4
7.02E+16,infant,4
7.02E+16,father loving baby,4
7.02E+16,love,2
7.02E+16,parent hugging child,4
7.02E+16,father and baby,4
7.02E+16,baby,1
7.02E+16,father and daughter,4
2.22E+17,waiting for a trolly,3
2.22E+17,trolly,4
2.22E+17,street car,4
2.22E+17,trolley,4
2.22E+17,hill,3
2.22E+17,city,2
2.22E+17,lisbon trolley,4
2.22E+17,architecture,3
2.22E+17,lisbon,4
2.22E+17,buildings,1
2.22E+17,bus,2
2.22E+17,trolley car europe,4
2.22E+17,streets of portugal,4
2.22E+17,steep incline for trolley car,3
2.22E+17,picture of portugal street,2
2.22E+17,housing,1
2.22E+17,tourism,2
2.22E+17,lisbon street trolley,4
2.22E+17,portugal,4
2.22E+17,streetcar,3
3.50E+17,life alert,4
3.50E+17,bedroom,2
3.50E+17,grandma,3
3.50E+17,comedy,3
3.50E+17,help i have fallen and i cant get up,2
3.50E+17,funny nurse scene,3
3.50E+17,old woman on floor,4
3.50E+17,old person,3
3.50E+17,grandmother,2
3.50E+17,lady on the floor,4
3.50E+17,joke,3
3.50E+17,work fell over,2
3.50E+17,spicing up meme,2
3.50E+17,meme,3
3.50E+17,nursing,3
3.50E+17,fall,1
3.50E+17,funny text,3
3.50E+17,funny meme,4
3.50E+17,work meme,4
3.50E+17,fallen,3
3.50E+17,nurse,2
3.50E+17,woman fell down,3
4.00E+16,pretty marsh,2
4.00E+16,hunter romance,4
4.00E+16,swamp,4
4.00E+16,marriage,3
4.00E+16,kissing in field,3
4.00E+16,couple,2
4.00E+16,soldiers,2
4.00E+16,wedding,3
4.00E+16,kissing,4
4.00E+16,couple kissing,4
4.00E+16,camoflouge couple,4
4.00E+16,wedding photo,3
4.00E+16,kiss outdoors,3
4.00E+16,camouflage wedding,4
4.00E+16,nature,2
4.00E+16,beautiful scene,2
4.00E+16,engaged,2
4.00E+16,kiss in field,4
4.00E+16,love,1
1.19E+17,cookie bars,4
1.19E+17,caramel bars,4
1.19E+17,cookies on a glass plate,3
1.19E+17,square cookies,3
1.19E+17,sweets,3
1.19E+17,bars,3
1.19E+17,salted caramel bar,4
1.19E+17,salted caramel bars,4
1.19E+17,easy desert to make,2
1.19E+17,caramel desert,4
1.19E+17,fresh cookie bars,3
1.19E+17,cookies,2
1.19E+17,baking recipe,2
1.19E+17,food,1
1.19E+17,pretty dessert,2
1.19E+17,yummy,2
1.19E+17,bit size desert,1
1.19E+17,light carmel cookie,1
1.19E+17,gooey,2
1.19E+17,dessert,2
1.19E+17,three,1
1.19E+17,salted caramel,4
1.19E+17,carmel bars,4
1.19E+17,bar,3
1.95E+17,nail,2
1.95E+17,mixed color nail polish,4
1.95E+17,purplenail polish,4
1.95E+17,art,1
1.95E+17,nail polish,3
1.95E+17,purple bracelet,1
1.95E+17,fingernails,3
1.95E+17,color,1
1.95E+17,bracelet,1
1.95E+17,purple nalipolish,1
1.95E+17,hand showing nails,2
1.95E+17,manicured nails,3
1.95E+17,ways to sharpen your nail look,1
1.95E+17,painting,1
1.95E+17,burgundy nail patterns,4
1.95E+17,multi coloured nails,4
1.95E+17,multi colored nails,4
1.95E+17,burgundy french nails,4
1.95E+17,purple and pink nails,4
1.95E+17,design,1
1.95E+17,hand,1
1.95E+17,burgundy and pink nails,4
1.95E+17,nails,1
1.04E+16,wood beams,3
1.04E+16,furniture,1
1.04E+16,house,2
1.04E+16,modern,1
1.04E+16,western,2
1.04E+16,interior,3
1.04E+16,country,3
1.04E+16,fireplace,2
1.04E+16,decor,3
1.04E+16,lamp,1
1.04E+16,americana,4
1.04E+16,interior with wood beams,4
1.04E+16,cozy,3
1.04E+16,living room with exposed beams,4
1.04E+16,wood interior country,4
1.04E+16,home,2
1.04E+16,classy,2
1.04E+16,homey,3
1.04E+16,star,2
1.04E+16,beige,1
1.04E+16,cabin,3
1.04E+16,beams,3
1.04E+16,wooden,4
1.04E+16,wood floors,2
1.04E+16,wood,2
1.04E+16,natural decor,2
1.04E+16,living room,3
1.04E+16,neutral colors,2
1.04E+16,rustic living room,4
9.11E+16,clothing store,3
9.11E+16,fashion,3
9.11E+16,women's,1
9.11E+16,shorts,1
9.11E+16,figures,2
9.11E+16,skirts,2
9.11E+16,zara johannesburg,3
9.11E+16,shirts,2
9.11E+16,clothing,3
9.11E+16,boutique,3
9.11E+16,purse,1
9.11E+16,shop,2
9.11E+16,shopping,3
9.11E+16,zara in johannesburg,4
9.11E+16,pants,2
9.11E+16,mannequin,4
9.11E+16,store,2
9.11E+16,mannequins in beige,3
9.11E+16,department store,2
9.11E+16,mannequins,4
1.19E+17,wood panelling,4
1.19E+17,wood room,4
1.19E+17,comfy,3
1.19E+17,misty,3
1.19E+17,view,3
1.19E+17,mountains,4
1.19E+17,window with a view,4
1.19E+17,scene,2
1.19E+17,chalet view,4
1.19E+17,wooden,3
1.19E+17,interior design,3
1.19E+17,giant window,4
1.19E+17,architecture,3
1.19E+17,beautiful,3
1.19E+17,mountain view,4
1.19E+17,lake view from bedroom window,3
1.19E+17,window,2
1.19E+17,wooden home,3
1.19E+17,cabin interior,3
1.19E+17,lake,3
1.19E+17,scenic,3
1.19E+17,hotel with a view,2
1.19E+17,cabin,3
1.19E+17,lake view from window,4
1.19E+17,house,2
1.19E+17,lakeside view,3
4.07E+17,gemstone reference,4
4.07E+17,nature,3
4.07E+17,systems,3
4.07E+17,network information,1
4.07E+17,health patterns,3
4.07E+17,medicine,3
4.07E+17,gemstones,3
4.07E+17,earth,3
4.07E+17,earth medicine,4
4.07E+17,round chart,3
4.07E+17,network,2
4.07E+17,diagram,2
4.07E+17,medicine graph,3
4.07E+17,system,1
4.07E+17,network graph,1
4.07E+17,chart,2
4.07E+17,patterns,2
4.07E+17,earthstone,4
4.07E+17,networks,2
4.07E+17,too hard,1
4.07E+17,system chart,2
4.07E+17,graph,1
4.07E+17,gems,3
4.07E+17,circle chart,2
4.07E+17,earth medicine chart,4
1.66E+17,royal,4
1.66E+17,middelton,1
1.66E+17,royalty,4
1.66E+17,kate,1
1.66E+17,royal family standing,4
1.66E+17,will and kate smiling,4
1.66E+17,couple,2
1.66E+17,kate middleton,4
1.66E+17,prince william and kate middleton,4
1.66E+17,happy,2
1.66E+17,prince william,4
1.66E+17,the royal family,4
1.66E+17,royal couple,4
1.66E+17,royals,3
1.66E+17,happy birthday prince william,1
1.66E+17,will and kate,2
1.66E+17,william,1
1.66E+17,happy royal couple,4
1.66E+17,prince william and kate photo,2
1.66E+17,prince,2
1.66E+17,prince henry,1
1.66E+17,prince william and princess kate,2
1.72E+17,plaque,2
1.72E+17,state,2
1.72E+17,book shelf ideas,3
1.72E+17,motto,2
1.72E+17,ohio,2
1.72E+17,neutral,1
1.72E+17,sports,3
1.72E+17,dorm room,2
1.72E+17,keep calm and love ohio state poster,4
1.72E+17,ohio state university,3
1.72E+17,keep calm,2
1.72E+17,love,1
1.72E+17,ohio state,3
1.72E+17,design,2
1.72E+17,ohio state sign over shelf,3
1.72E+17,keep calm and love ohio state,4
2.80E+16,message,2
2.80E+16,handwriting,2
2.80E+16,love,1
2.80E+16,self,3
2.80E+16,self-worth,4
2.80E+16,artsy,2
2.80E+16,quotes about beauty,4
2.80E+16,inspirational quotes,4
2.80E+16,aren't,1
2.80E+16,that,1
2.80E+16,the,1
2.80E+16,let,1
2.80E+16,cliche,2
2.80E+16,today,1
2.80E+16,value,2
2.80E+16,motto,1
2.80E+16,you are beautiful quote,4
2.80E+16,life,2
2.80E+16,beauty,3
2.80E+16,beautiful,3
2.80E+16,tomorrow,1
2.80E+16,inspiration,3
2.80E+16,bullshit,1
2.80E+16,you,1
2.80E+16,quote,3
2.80E+16,eating disorder,3
2.80E+16,recover,3
2.80E+16,fight,1
2.80E+16,don't,1
2.80E+16,inside,1
2.80E+16,recovery,2
2.80E+16,comeback,1
2.80E+16,positive,3
2.80E+16,saying,2
2.80E+16,rehabilitation,3
2.80E+16,bullshit tags,1
2.80E+16,rehab,3
2.80E+16,eating disorder recovery quote,4
2.80E+16,note,2
2.80E+16,convince,2
2.80E+16,worth,2
2.80E+16,affirmations,4
2.80E+16,beauty quote,3
2.27E+17,handles,1
2.27E+17,fashion wishes,2
2.27E+17,colorful,3
2.27E+17,pursue,1
2.27E+17,colorful handbag,4
2.27E+17,colorful bag,4
2.27E+17,multi colored purse,4
2.27E+17,designer pccketbook,3
2.27E+17,multi coloured purse,4
2.27E+17,colorful purse,3
2.27E+17,purse,3
2.27E+17,tie-dye,2
2.27E+17,too hard,0
2.27E+17,tie dye purse,3
2.27E+17,handbag,3
2.98E+17,animals feasting,4
2.98E+17,abstract painting of animals,4
2.98E+17,painting showing animals at a table,4
2.98E+17,mexican art,3
2.98E+17,mexico,3
2.98E+17,isidro esquivel painting,4
2.98E+17,lion,3
2.98E+17,esquivel painting,4
2.98E+17,animal dinner,3
2.98E+17,painting,2
2.98E+17,lion king,4
2.98E+17,animals,3
2.98E+17,art,2
2.98E+17,paintings of animals at a table dressed in royal clothes,4
2.98E+17,anthropomorphic,4
2.98E+17,mosaic animal paintings,4
4.62E+16,yellow shoes,3
4.62E+16,high heels,3
4.62E+16,woman barefoot,3
4.62E+16,pumps,3
4.62E+16,yellow,2
4.62E+16,foot,2
4.62E+16,heels,3
4.62E+16,shoes,2
4.62E+16,one bare foot,3
4.62E+16,yellow heel,4
4.62E+16,shoe,2
4.62E+16,yellow high heels,4
4.62E+16,fashion,3
4.62E+16,yellow high heel shoe,4
4.62E+16,feet,2
4.62E+16,what shoes to wear on a night out,2
2.81E+17,child,3
2.81E+17,monsters,3
2.81E+17,party favors,3
2.81E+17,colorful,2
2.81E+17,decorations,2
2.81E+17,toys,3
2.81E+17,birthday,3
2.81E+17,ryan,2
2.81E+17,stripes,2
2.81E+17,yo gabba gabba,3
2.81E+17,party,2
2.81E+17,yo,2
2.81E+17,kids,2
2.81E+17,balloon animals,4
2.81E+17,childss party,1
2.81E+17,balloons,3
2.81E+17,yo gabba gabba birthday items,4
2.81E+17,kid,3
2.81E+17,yo gabba gabba birthday theme,4
2.81E+17,gabba,1
2.81E+17,child decorations,2
2.81E+17,birthday party,2
1.02E+17,dark jewlry,1
1.02E+17,decorations,2
1.02E+17,bakelite tag,3
1.02E+17,kitchen,3
1.02E+17,ovenware,3
1.02E+17,jewelry,3
1.02E+17,jewelry dealers,2
1.02E+17,jewelery,1
1.02E+17,bakelite jewelery,1
1.02E+17,bakelite logo,4
1.02E+17,baking,2
1.02E+17,jewelry brand,3
1.02E+17,art,2
1.02E+17,colorful bakelite,3
1.02E+17,craft,2
1.02E+17,cake,2
1.02E+17,fine jewelry,2
1.02E+17,bakelite,4
1.02E+17,lighthouse during sunrise,4
1.02E+17,beach,3
1.02E+17,wild beauty,3
1.02E+17,sunsets,3
1.02E+17,scenic,3
1.02E+17,shine,2
1.02E+17,scenery,3
1.02E+17,clouds,2
1.02E+17,sunset painting,1
1.02E+17,nature,3
1.02E+17,sky,3
1.02E+17,field,2
1.02E+17,sun,3
1.02E+17,sunset,3
1.02E+17,water,1
1.02E+17,building at sunset,4
1.02E+17,building in field,2
1.02E+17,landscape,3
1.02E+17,lighthouse,4
1.02E+17,lighthouse sunset,4
1.02E+17,maine,3
1.02E+17,peaceful place,3
2.52E+17,beautiful sand and ocean,3
2.52E+17,relaxing beach vacation,4
2.52E+17,palm umbrella on beach,4
2.52E+17,beaches,3
2.52E+17,tropics,3
2.52E+17,tropical beach,4
2.52E+17,straw hut,3
2.52E+17,beach chairs,3
2.52E+17,straw umbrella,4
2.52E+17,tiki umbrella on beach,4
2.52E+17,lounge chair,3
2.52E+17,poster,2
2.52E+17,art,1
2.52E+17,tropical,3
2.52E+17,paradise,3
2.52E+17,dream vacation,3
2.52E+17,beach,3
2.52E+17,tiki umbrella,3
2.52E+17,tranquility,3
2.52E+17,solitude,3
2.52E+17,chairs,2
2.52E+17,beach life,2
2.52E+17,vacation,3
2.52E+17,beach cabana,3
2.52E+17,beach chairs and umbrella on beach,3
2.52E+17,umbrella,3
1.59E+17,bushes,3
1.59E+17,squashes,2
1.59E+17,flowers,2
1.59E+17,vegetables,3
1.59E+17,edible landscaping,4
1.59E+17,edible,3
1.59E+17,green,2
1.59E+17,green plants,4
1.59E+17,outdoors,2
1.59E+17,edible flowers,3
1.59E+17,flower,2
1.59E+17,garden,4
1.59E+17,plants,3
1.59E+17,backyard perennials,3
1.59E+17,edible landscape,4
1.59E+17,landscaping,3
5.74E+17,complicated braid,4
5.74E+17,wedding hiastyle,1
5.74E+17,braided,3
5.74E+17,french braids with flowers,3
5.74E+17,flowers,2
5.74E+17,bridal,2
5.74E+17,hairstyles,3
5.74E+17,black and white,2
5.74E+17,fancy hair,3
5.74E+17,braided hair,3
5.74E+17,french braid back,3
5.74E+17,french,2
5.74E+17,too hard,0
5.74E+17,wedding,2
5.74E+17,braiding,3
5.74E+17,blonde hair style,2
5.74E+17,braided blonde hair with flowers,3
5.74E+17,flowers in hair,4
5.74E+17,hairstyle,3
5.74E+17,hair,2
5.74E+17,french braid,3
1.84E+17,eyebrow,3
1.84E+17,bold brows,4
1.84E+17,eyebrow makeup,4
1.84E+17,thick eyebrows,3
1.84E+17,eyebrows,4
1.84E+17,woman having eyebrows drawn on,3
1.84E+17,drawing bold eyebrows,4
1.84E+17,hair,1
1.84E+17,beauty,1
1.84E+17,woman,1
1.84E+17,bold eyebrows,4
1.84E+17,artist,1
1.84E+17,dark massacre,1
1.84E+17,eye brow,1
1.84E+17,makeup a,1
1.84E+17,makeup,2
1.84E+17,eyebrow massacre,1
3.89E+17,movie,2
3.89E+17,leather,3
3.89E+17,james dean,1
3.89E+17,old school,2
3.89E+17,celebrity,3
3.89E+17,misfits,3
3.89E+17,leather jacket,2
3.89E+17,motorcycle man,2
3.89E+17,officer,1
3.89E+17,motorcycle gang,3
3.89E+17,motorbike,3
3.89E+17,biker,3
3.89E+17,old fashioned motorcycle,3
3.89E+17,the wild one,4
3.89E+17,marlon brando,4
3.89E+17,motorcycle,3
3.89E+17,bike,2
2.85E+17,woman with wine,4
2.85E+17,office comic,3
2.85E+17,illustration,2
2.85E+17,office full of abbreviations,4
2.85E+17,office meme,3
2.85E+17,woman boss,3
2.85E+17,text language meme,2
2.85E+17,office,2
2.85E+17,too hard,0
2.85E+17,political,1
2.85E+17,funny card,2
2.85E+17,motto,2
2.85E+17,sassy,3
2.85E+17,life of a digital marketer,3
2.85E+17,wisdom,2
2.85E+17,work,3
2.85E+17,woman holding wine meme,4
2.85E+17,internet slang,3
2.85E+17,drops of wisdom,2
2.85E+17,cartoon,2
2.85E+17,day at the office meme,3
2.85E+17,toohard,0
2.85E+17,joke,3
2.85E+17,drink wine lol,2
2.76E+17,two face from batman on comic book cover,3
2.76E+17,dc comicbook,2
2.76E+17,comic,3
2.76E+17,two-face,4
2.76E+17,comic book cover,4
2.76E+17,comic book,3
2.76E+17,two face,4
2.76E+17,batman cover,4
2.76E+17,chainsaw,4
2.76E+17,batman comic,3
2.76E+17,batman comic book cover,4
2.76E+17,volume 1 #513,3
2.76E+17,batman,2
2.76E+17,comics,2
2.76E+17,batman comic book,3
2.65E+16,bjd,3
2.65E+16,wednesday,4
2.65E+16,tv show monster doll,4
2.65E+16,monsters daughter,3
2.65E+16,adams,1
2.65E+16,vampire doll,2
2.65E+16,creepy,3
2.65E+16,family,1
2.65E+16,teenager,3
2.65E+16,goth doll,4
2.65E+16,thursday,2
2.65E+16,addams family,4
2.65E+16,evil,3
2.65E+16,addam's family,3
2.65E+16,braids,2
2.65E+16,gothic,3
2.65E+16,skinny,2
2.65E+16,black hair,2
2.65E+16,fingers intertwined,3
2.65E+16,addams,4
2.65E+16,doll with braids,4
2.65E+16,unhappy,1
2.65E+16,scary,1
2.65E+16,red lips,2
2.65E+16,monster high doll,3
2.65E+16,braid,2
2.65E+16,doll,3
2.65E+16,black dress,2
2.65E+16,gothic doll,4
2.65E+16,monster high,3
2.65E+16,wednesday addams doll,4
2.65E+16,porcelain,1
2.65E+16,goth,3
1.19E+17,mexican,1
1.19E+17,how to make granola,3
1.19E+17,dinner,2
1.19E+17,hot dish,2
1.19E+17,dried fruits,3
1.19E+17,grains,4
1.19E+17,oats,4
1.19E+17,nuts,4
1.19E+17,maggots,1
1.19E+17,healthy,2
1.19E+17,breakfast,2
1.19E+17,homemade,2
1.19E+17,gross,1
1.19E+17,snack,2
1.19E+17,food,3
1.19E+17,granola,4
1.19E+17,rice and beans,1
1.19E+17,baking,2
1.19E+17,fruit,3
1.19E+17,homemade granola,4
1.19E+17,dessert,2
2.27E+17,cocktail shaker,4
2.27E+17,cup,2
2.27E+17,too hard,0
2.27E+17,stainless steel cocktail shaker,4
2.27E+17,thermos,1
2.27E+17,copper shaker,4
2.27E+17,copper,3
2.27E+17,insulated coffee mug,1
2.27E+17,drink,3
2.27E+17,shaker,4
2.27E+17,metal bottle,2
2.27E+17,mixer,3
2.27E+17,water bottle,1
2.27E+17,cocktail skaker,4
2.27E+17,copper color,3
2.27E+17,canteen,1
2.27E+17,drinks,2
1.99E+17,comfort,2
1.99E+17,red lips,2
1.99E+17,women,1
1.99E+17,beautiful woman,2
1.99E+17,brunette laying down,2
1.99E+17,rest,2
1.99E+17,monica belluci sleeping,4
1.99E+17,celebrity,3
1.99E+17,makeup,2
1.99E+17,actor,3
1.99E+17,portrait,2
1.99E+17,too hard,0
1.99E+17,movie,3
1.99E+17,model,3
1.99E+17,woman,1
1.99E+17,bra,1
1.99E+17,movie star,4
1.99E+17,star,3
1.99E+17,monica belluci,4
1.99E+17,actress,3
1.99E+17,monica,1
1.99E+17,sleeping,3
1.99E+17,black bra,1
1.99E+17,pretty woman,2
5.41E+17,model on runway,3
5.41E+17,model wearing blue coat,4
5.41E+17,blue jacket,4
5.41E+17,fashion model,2
5.41E+17,long jacket,4
5.41E+17,blue women's suit,4
5.41E+17,runway model,3
5.41E+17,fashion,2
5.41E+17,runway,2
5.41E+17,model,3
5.41E+17,blue blazer,3
5.41E+17,too hard,0
5.41E+17,runway fashion,3
5.41E+17,long blazer,3
5.41E+17,kenzo fashion,3
5.41E+17,kenzo ready to wear,1
2.40E+17,sims 2 chaise,4
2.40E+17,digital living room,4
2.40E+17,bed design,3
2.40E+17,chaise layout,3
2.40E+17,sims bed,4
2.40E+17,sims,2
2.40E+17,diagram,2
2.40E+17,sims 2 bedroom,4
2.40E+17,furniture,3
2.40E+17,bedroom,3
2.40E+17,bedroom animation,4
2.40E+17,bed,1
2.40E+17,animation of gray bedroom suit,1
2.40E+17,video games,2
2.40E+17,sims 2,3
2.40E+17,wallpaper model,1
2.40E+17,vanity,2
2.40E+17,3d bedroom,4
2.40E+17,videogame,2
2.40E+17,sims 2 bed,3
2.40E+17,interior design,2
2.40E+17,chaise,3
6.50E+16,yellow,2
6.50E+16,victorian jewelry,4
6.50E+16,gold jewelry,4
6.50E+16,flower necklace,4
6.50E+16,jewelry,2
6.50E+16,gold,2
6.50E+16,pearl necklace with pendant,4
6.50E+16,pearl necklace,3
6.50E+16,antique gold necklace,4
6.50E+16,necklace,2
6.50E+16,dangling necklace,4
6.50E+16,flower pearl necklace,4
6.50E+16,gold choker,2
6.50E+16,antique necklace,4
6.50E+16,pearl,3
6.50E+16,gold necklace,4
2.93E+17,bluejeans and black top outfit,3
2.93E+17,clothing for women,2
2.93E+17,outfit,3
2.93E+17,fashion,2
2.93E+17,prep 101 fashion items,1
2.93E+17,ripped jeans,3
2.93E+17,style,2
2.93E+17,pants,1
2.93E+17,balck top,1
2.93E+17,shoes,2
2.93E+17,womens night club fashion,3
2.93E+17,women's torn jeans outfit,4
2.93E+17,clutch,3
2.93E+17,shirt,2
2.93E+17,black,1
2.93E+17,high heels,2
2.93E+17,hipster,2
2.93E+17,jeans,2
2.93E+17,black clutch,3
2.93E+17,halter,3
2.93E+17,woman's casual outfit,2
2.93E+17,prep 101 fashion book,1
5.31E+17,looking over a bridge,4
5.31E+17,glance,1
5.31E+17,walking a dock,3
5.31E+17,walking,2
5.31E+17,peek,3
5.31E+17,heavy coat,2
5.31E+17,bridge,2
5.31E+17,walkway,3
5.31E+17,person looking over side of bridge,4
5.31E+17,looking,3
5.31E+17,girl,2
5.31E+17,standing on a bridge,3
5.31E+17,pier,4
5.31E+17,too hard,0
5.31E+17,woman looking at water,3
5.31E+17,model,1
5.31E+17,black and white jacket,3
5.31E+17,birdge,1
5.31E+17,niall horan,1
5.31E+17,photography,2
5.31E+17,woman,3
5.31E+17,man wearing coat and looking over side of wooden bridge,3
5.31E+17,looking at water from a bridge,4
4.00E+17,purple flower garden,4
4.00E+17,rabbit surrounded by flowers,4
4.00E+17,rabbits in a garden,3
4.00E+17,rabbit in field of purple flowers,4
4.00E+17,bunny,4
4.00E+17,animal,2
4.00E+17,nature,2
4.00E+17,rabbit,3
4.00E+17,flower,3
4.00E+17,field,4
4.00E+17,pink,2
4.00E+17,flowers,3
4.00E+17,purple,2
4.00E+17,rabbit looking at a flower,4
4.00E+17,rabbit in a purple flower garden,4